{
  "model_type": "Naive Bayes with SMOTE",
  "training_date": "2025-06-20T12:07:45.980861",
  "feature_count": 27,
  "pipeline_steps": [
    "StandardScaler",
    "SMOTE",
    "GaussianNB"
  ],
  "performance_metrics": {
    "accuracy": 0.586105675146771,
    "precision": 0.09190371991247265,
    "recall": 0.84,
    "f1": 0.16568047337278105,
    "auc": 0.8125102880658437
  },
  "cv_scores": {
    "mean_auc": 0.8225142969524608,
    "std_auc": 0.008557034752897876,
    "individual_scores": [
      0.8156995884773663,
      0.8106069958847737,
      0.8284773662551441,
      0.8344135802469136,
      0.823373953898106
    ]
  },
  "model_version": "1.0"
}